Phase,MSE,RMSE,MAE,R²
Phases,0.0004648453905247152,0.021560273433440382,0.01764179766178131,0.0
category-1,0.000878644292242825,0.02964193469129208,0.02160768210887909,0.0
category-2,0.008310288190841675,0.09116078208770302,0.024896463379263878,0.0941007137298584
category-3,0.008229507133364677,0.09071663096348254,0.04770016670227051,0.9432353973388672
category-4,0.0343456007540226,0.18532566134786246,0.052974481135606766,0.0370023250579834
